<Scene>
    <MaxRecursionDepth>6</MaxRecursionDepth>

    <BackgroundColor>0 0 0</BackgroundColor>

    <ShadowRayEpsilon>1e-3</ShadowRayEpsilon>

    <Cameras>
        <Camera id="1">
            <Position>0 5 25</Position>
            <Gaze>0 0 -1</Gaze>
            <Up>0 1 0</Up>
            <NearPlane>-1 1 -1 1</NearPlane>
            <NearDistance>1</NearDistance>
            <ImageResolution>800 800</ImageResolution>
            <ImageName>spheres_texture_nearest.ppm</ImageName>
        </Camera>
    </Cameras>

    <Lights>
        <AmbientLight>25 25 25</AmbientLight>
        <PointLight id="1">
            <Position>0 30 50</Position>
            <Intensity>1000000 1000000 1000000</Intensity>
        </PointLight>
    </Lights>

    <Materials>
        <Material id="1">
            <AmbientReflectance>1 1 1</AmbientReflectance>
            <DiffuseReflectance>1 1 1</DiffuseReflectance>
            <SpecularReflectance>1 1 1</SpecularReflectance>
            <PhongExponent>1</PhongExponent>
        </Material>
        <Material id="2">
            <AmbientReflectance>1 1 1</AmbientReflectance>
            <DiffuseReflectance>0 0 1</DiffuseReflectance>
            <SpecularReflectance>1 1 1</SpecularReflectance>
            <PhongExponent>100</PhongExponent>
        </Material>
    </Materials>

    <Textures>
        <Texture id="1">
            <ImageName>textures/earth_hd.jpg</ImageName>
            <Interpolation>nearest</Interpolation>
            <DecalMode>replace_all</DecalMode>
            <Appearance>clamp</Appearance>
        </Texture>
        <Texture id="2">
            <ImageName>textures/checkerboard.jpg</ImageName>
            <Interpolation>nearest</Interpolation>
            <DecalMode>replace_kd</DecalMode>
            <Appearance>clamp</Appearance>
        </Texture>
        <Texture id="3">
            <ImageName>textures/earth_hd.jpg</ImageName>
            <Interpolation>nearest</Interpolation>
            <DecalMode>blend_kd</DecalMode>
            <Appearance>clamp</Appearance>
        </Texture>
    </Textures>

    <Transformations>
        <Scaling id="1">100 100 100</Scaling>
        <Scaling id="2">2 2 2</Scaling>
        <Scaling id="3">1.5 1.5 1.5</Scaling>
        <Scaling id="4">4 4 4</Scaling>
        <Translation id="1">3 2 15</Translation>
        <Translation id="2">-20 -5 0</Translation>
        <Translation id="3">0 13 0</Translation>
        <Translation id="4">-20 5 0</Translation>
        <Translation id="5">-5 5 -10</Translation>
        <Rotation id="1">45 0.0 0.0 1.0</Rotation>
    </Transformations>

    <VertexData>
        -1 0  1
         1 0  1
         1 0 -1
        -1 0 -1 
          20 5 0
          0 0 0
    </VertexData>

    <Objects>
        <Mesh id="1">
            <Material>1</Material>
            <Transformations>s1</Transformations>
            <Faces>
                3 1 2
                1 3 4
            </Faces>
        </Mesh>
        <Sphere id="1">
            <Material>2</Material>
            <Texture>2</Texture>
            <Transformations>t2 s3 r1 t3</Transformations>
            <Center>5</Center>
            <Radius>5</Radius>
        </Sphere>
        <Sphere id="2">
            <Material>2</Material>
            <Texture>1</Texture>
            <Transformations>t4</Transformations>
            <Center>6</Center>
            <Radius>5</Radius>
        </Sphere>
        <Sphere id="4">
            <Material>2</Material>
            <Texture>3</Texture>
            <Transformations>r1 t1</Transformations>
            <Center>6</Center>
            <Radius>2</Radius>
        </Sphere>
    </Objects>
</Scene>
