<Scene>
    <MaxRecursionDepth>6</MaxRecursionDepth>

    <BackgroundColor>0 0 0</BackgroundColor>

    <ShadowRayEpsilon>1e-3</ShadowRayEpsilon>

    <Cameras>
        <Camera id="1">
            <Position>0 0 0</Position>
            <Gaze>0 0 -1</Gaze>
            <Up>0 1 0</Up>
            <NearPlane>-1 1 -1 1</NearPlane>
            <NearDistance>1</NearDistance>
            <ImageResolution>800 800</ImageResolution>
            <ImageName>simple_transform.ppm</ImageName>
        </Camera>
    </Cameras>

    <Lights>
        <AmbientLight>25 25 25</AmbientLight>
        <PointLight id="1">
            <Position>0 0 0 </Position>
            <Intensity>1000 1000 1000</Intensity>
        </PointLight>
    </Lights>

    <Materials>
        <Material id="1">
            <AmbientReflectance>1 1 1</AmbientReflectance>
            <DiffuseReflectance>1 1 1</DiffuseReflectance>
            <SpecularReflectance>1 1 1</SpecularReflectance>
            <PhongExponent>1</PhongExponent>
        </Material>
    </Materials>

    <Transformations>
        <Translation id="1">0 0 -2.0</Translation>
        <Translation id="2">0 0 2.0</Translation>
        <Translation id="3">0 0.5 0</Translation>
        <Scaling id="1">2 2 2</Scaling>
        <Scaling id="2">0.5 0.5 0.5</Scaling>
        <Rotation id="1">45 0.0 0.0 1.0</Rotation>
    </Transformations>

    <VertexData>
        -0.5 0.5 -2
        -0.5 -0.5 -2
        0.5 -0.5 -2
        0.5 0.5 -2
        0.75 0.75 -2
        1 0.75 -2
        0.875 1 -2
        -0.875 1 -2
    </VertexData>

    <Objects>
        <Mesh id="1">
            <Material>1</Material>
            <Transformations>t2 r1 s1 t1</Transformations>
            <Faces>
                3 1 2
                1 3 4
            </Faces>
        </Mesh>
        <Triangle id="1">
            <Material>1</Material>
            <Transformations>t3</Transformations>
            <Indices>
                5 6 7
            </Indices>
        </Triangle>
        <Sphere id="1">
            <Material>1</Material>
            <Center>8</Center>
            <Radius>0.3</Radius>
        </Sphere>
    </Objects>
</Scene>
